timestamp_start,timestamp_end,github_issue,minutes_spent,llm_model,token_estimate,work_summary
2026-01-19T12:01:00-05:00,2026-01-19T13:10:00-05:00,https://github.com/dave0875/HealthDelta/issues/1,69,"gpt-5.2 (Codex CLI); ollama/llama3.1:8b",4000,"Bootstrap repo skeleton, templates, .codex audit trail, and issue #1 review"
2026-01-19T13:10:00-05:00,2026-01-19T13:30:00-05:00,https://github.com/dave0875/HealthDelta/issues/2,20,"gpt-5.2 (Codex CLI); ollama/llama3.1:8b",3500,"Create CI issue/ADR/runbook; add GitHub Actions workflows with Linux tests + self-hosted Xcode job; trigger CI and capture run URL"
2026-01-19T23:00:00-05:00,2026-01-20T00:06:00-05:00,https://github.com/dave0875/HealthDelta/issues/2,55,"gpt-5.2 (Codex CLI); ollama/llama3.1:8b",6500,"Fix CI workflows; enforce arm64 runner labels; ensure xcresult uploads even on failure; verify CI green + artifacts; prove runner via workflow_dispatch"
2026-01-19T23:00:00-05:00,2026-01-20T00:06:00-05:00,https://github.com/dave0875/HealthDelta/issues/3,11,"gpt-5.2 (Codex CLI); ollama/llama3.1:8b",1500,"Codex governance lock-in: document immutable prompt/follow-up rules and execution discipline in AGENTS.md"
2026-01-20T00:34:00-05:00,2026-01-20T00:40:00-05:00,https://github.com/dave0875/HealthDelta/issues/4,6,"gpt-5.2 (Codex CLI); ollama/llama3.1:8b",2500,"Create ingest CLI + deterministic staging manifest/layout with unit tests; docs runbook_ingest; verify CI green and artifacts"
2026-01-20T08:10:00-05:00,2026-01-20T08:18:00-05:00,https://github.com/dave0875/HealthDelta/issues/5,8,"gpt-5.2 (Codex CLI); ollama/llama3.1:8b",3500,"Create identity build CLI with name parsing/normalization; generate people.json + aliases.json from staging; add tests + runbook; verify CI green"
2026-01-20T12:40:00-05:00,2026-01-20T12:52:00-05:00,https://github.com/dave0875/HealthDelta/issues/6,12,"gpt-5.2 (Codex CLI); ollama/llama3.1:8b",4500,"Add deterministic de-id command producing share-safe dataset + mapping/manifest/layout; add synthetic CDA/FHIR tests; docs runbook_deid; verify CI green"
2026-01-20T17:30:00-05:00,2026-01-20T17:41:00-05:00,https://github.com/dave0875/HealthDelta/issues/7,11,"gpt-5.2 (Codex CLI); ollama/llama3.1:8b",4500,"Add pipeline run orchestrator with run_report.json; integration test for share mode end-to-end; docs runbook_pipeline; verify CI green"
2026-01-20T18:00:00-05:00,2026-01-20T18:55:00-05:00,https://github.com/dave0875/HealthDelta/issues/8,55,"gpt-5.2 (Codex CLI); ollama/qwen2.5:14b-instruct; ollama/llama3.1:8b",9000,"Implement `healthdelta export ndjson` from pipeline outputs (HealthKit XML + FHIR JSON + CDA) with deterministic, share-safe NDJSON streams; add synthetic tests + runbook_ndjson; update audit artifacts; verify tests locally"
2026-01-20T19:00:00-05:00,2026-01-20T20:05:00-05:00,https://github.com/dave0875/HealthDelta/issues/9,65,"gpt-5.2 (Codex CLI); ollama/llama3.1:8b",9500,"Create deterministic DuckDB loader/query CLI for canonical NDJSON streams; add schema + synthetic tests; update CI to install duckdb; add runbook_duckdb and audit artifacts; verify CI green"
2026-01-21T00:10:00-05:00,2026-01-21T01:10:00-05:00,https://github.com/dave0875/HealthDelta/issues/10,60,"gpt-5.2 (Codex CLI); ollama/llama3.1:8b",9000,"Add deterministic share-safe reporting CLI from DuckDB; generate summary.json/md and coverage/timeline CSV artifacts; synthetic DuckDB report tests; docs runbook_reports; audit artifacts; verify CI green"
2026-01-21T01:15:00-05:00,2026-01-21T02:35:00-05:00,https://github.com/dave0875/HealthDelta/issues/11,80,"gpt-5.2 (Codex CLI); ollama/llama3.1:8b",12000,"Add incremental run registry in state dir with deterministic input fingerprints + run_id derivation and no-op when unchanged; add run register command; update pipeline CLI with --state/--since; add synthetic tests and runbook_incremental; audit artifacts; verify CI green"
